brand_id,series_id,mode_id,brand_name,series_name,mode_name,price,dp_price,month_price
51,582,90015509,五菱汽车,荣光,2017款 1.5L加长基本型,4.71万,首付0.44万,月供1390元
51,90001077,90012540,五菱汽车,宏光S3,2018款 1.5T 手动豪华型,8.18万,首付0.81万,月供2499元
51,2925,90015512,五菱汽车,荣光小卡,2017款 1.5L 双排基本型L3C,4.09万,首付0.38万,月供1206元
133,90001092,90014806,宝骏,310W,2017款 1.5L 手动豪华型,6.58万,首付0.64万,月供1993元
133,90000133,90010305,宝骏,510,2017款 1.5L 手动舒适型,5.48万,首付0.53万,月供1669元
133,3333,90012977,宝骏,310,2017款 1.5L 手动舒适型,4.58万,首付0.44万,月供1401元
133,3168,90013628,宝骏,560,2017款 1.5T 手动舒适型 7座,8.58万,首付0.83万,月供2546元
133,3007,90011205,宝骏,730,2017款 1.5T 手动豪华型 7座,8.98万,首付0.87万,月供2656元
133,90001280,90016210,宝骏,530,2018款 1.8L 自动精英型,8.98万,首付0.86万,月供2637元
92,2797,90014090,斯柯达,速派,2018款 TSI 280 DSG标准版,17.98万,首付1.42万,月供4278元
92,90001135,90016608,斯柯达,柯珞克,2018款 TSI280 舒适版,15.69万,首付1.52万,月供4519元
31,1002,90014119,雷克萨斯,GS,2017款 300 领先版,45.90万,首付7.08万,月供12147元
31,1006,90012731,雷克萨斯,IS,2017款 300 领先版,32.49万,首付3.06万,月供9010元
31,1950,90013520,雷克萨斯,CT,2017款 CT200h 精英版 单色,22.90万,首付2.16万,月供6362元
108,2957,90013748,上汽大通,G10,2018款 PLUS 2.0T 自动精英版,16.38万,首付1.60万,月供4753元
145,2975,90014639,马自达,阿特兹,2018款 2.0L 蓝天时尚版,17.58万,首付1.70万,月供5037元
71,90000077,90015176,雪铁龙,C6,2017款 改款 350THP 舒适型,18.99万,首付1.70万,月供5071元
51,582,90015508,五菱汽车,荣光,2017款 1.2L加长基本型,4.46万,首付0.42万,月供1321元
51,90001077,90015012,五菱汽车,宏光S3,2018款 1.5T 手动舒适型,7.38万,首付0.73万,月供2261元
133,90001092,90013258,宝骏,310W,2017款 1.5L 手动时尚型,5.68万,首付0.55万,月供1725元
133,90000133,90010302,宝骏,510,2017款 1.5L 手动时尚型,6.28万,首付0.61万,月供1906元
133,3333,90012978,宝骏,310,2017款 1.5L 手动时尚型,4.98万,首付0.48万,月供1520元
133,3168,90013627,宝骏,560,2017款 1.5T DCT舒适型,9.38万,首付0.91万,月供2797元
133,3007,90015303,宝骏,730,2017款 1.5T 手动风尚型 7座,8.78万,首付0.85万,月供2597元
133,90001280,90016021,宝骏,530,2018款 1.5T 手动精英型,8.38万,首付0.80万,月供2464元
108,2957,90013750,上汽大通,G10,2018款 PLUS 2.0T 自动豪华版,18.78万,首付1.84万,月供5454元
51,90001077,90015011,五菱汽车,宏光S3,2018款 1.5L 手动豪华型,7.38万,首付0.73万,月供2261元
133,90001092,90013257,宝骏,310W,2017款 1.5L 手动舒适型,4.98万,首付0.48万,月供1517元
133,90000133,90014006,宝骏,510,2017款 1.5L 自动时尚型,6.88万,首付0.67万,月供2085元
133,3333,90014172,宝骏,310,2017款 1.5L 自动舒适型,5.18万,首付0.50万,月供1579元
133,3168,90013629,宝骏,560,2017款 1.8L iAMT舒适型,7.58万,首付0.73万,月供2254元
133,3007,90011206,宝骏,730,2017款 1.5T 手动尊享型 7座,9.68万,首付0.94万,月供2867元
133,90001280,90016020,宝骏,530,2018款 1.5T 手动舒适型,7.58万,首付0.72万,月供2235元
51,90001077,90015010,五菱汽车,宏光S3,2018款 1.5L 手动舒适型,6.58万,首付0.65万,月供2023元
133,90001092,90012570,宝骏,310W,2017款 1.2L 手动超值型,4.28万,首付0.41万,月供1309元
133,90000133,90010220,宝骏,510,2017款 1.5L 手动豪华型,6.98万,首付0.68万,月供2114元
133,3333,90012979,宝骏,310,2017款 1.5L 手动豪华型,5.38万,首付0.52万,月供1639元
133,3168,90010317,宝骏,560,2017款 律动版 1.5T 手动乐享型,9.88万,首付0.95万,月供2918元
133,3007,90011208,宝骏,730,2017款 1.8L iAMT豪华型 7座,9.58万,首付0.93万,月供2835元
133,90001280,90016022,宝骏,530,2018款 1.5T 手动豪华型,9.18万,首付0.88万,月供2697元
51,90001077,90015009,五菱汽车,宏光S3,2018款 1.5L 手动标准型,5.68万,首付0.56万,月供1753元
133,90000133,90014007,宝骏,510,2017款 1.5L 自动豪华型,7.58万,首付0.74万,月供2293元
133,3333,90014173,宝骏,310,2017款 1.5L 自动时尚型,5.58万,首付0.54万,月供1698元
133,3168,90013626,宝骏,560,2017款 1.5T DCT精英型,10.08万,首付0.98万,月供2937元
133,3007,90015304,宝骏,730,2017款 1.5T 手动致尚型 7座,9.58万,首付0.93万,月供2835元
133,90001280,90016023,宝骏,530,2018款 1.5T 手动尊贵型,9.88万,首付0.95万,月供2896元
133,90000133,90015899,宝骏,510,2018款 1.5L 自动周年特别版,7.68万,首付0.76万,月供2344元
133,3333,90014174,宝骏,310, 2017款 1.5L 自动豪华型,6.08万,首付0.59万,月供1847元
133,3168,90010826,宝骏,560,2017款 律动版 1.8L AMT智能尊享型,10.58万,首付1.02万,月供3047元
133,3007,90015300,宝骏,730,2017款 1.5T DCT风尚型 7座,9.98万,首付0.97万,月供2967元
133,90001280,90016211,宝骏,530,2018款 1.8L 自动豪华型,9.88万,首付0.95万,月供2896元
133,3168,90010825,宝骏,560,2017款 律动版 1.5T 手动尊享型,10.58万,首付1.02万,月供3064元
133,3007,90011207,宝骏,730,2017款 1.8L iAMT尊享型 7座,10.28万,首付0.99万,月供2982元
133,90001280,90016025,宝骏,530,2018款 1.5T DCT豪华型,10.48万,首付1.00万,月供3015元
133,3168,90013625,宝骏,560,2017款 1.5T DCT尊享型,10.88万,首付1.05万,月供3159元
133,3007,90015301,宝骏,730,2017款 1.5T DCT旗舰型 7座,10.88万,首付1.06万,月供3176元
133,90001280,90016026,宝骏,530,2018款 1.5T DCT旗舰型,11.58万,首付1.11万,月供3325元
133,3168,90013563,宝骏,560,2017款 1.5T DCT旗舰型,11.58万,首付1.12万,月供3364元
133,3007,90015302,宝骏,730,2017款 1.5T 手动时尚型 7座,7.88万,首付0.76万,月供2330元
133,3168,90013564,宝骏,560,2017款 1.5T DCT旗舰版 7座,11.78万,首付1.14万,月供3422元
232,90000125,90011856,宝沃,BX5,2017款 25TGDI 两驱锋锐型,17.98万,首付1.53万,月供4595元
34,368,90013469,别克,君威,2017款 28T 尊享型,22.98万,首付2.14万,月供6303元
34,83,90015227,别克,君越,2018款 30H 豪华版,30.58万,首付2.64万,月供7783元
59,564,90008407,本田,雅阁,2016款 混动 2.0L 锐酷版,23.98万,首付2.10万,月供6211元
55,2844,90012522,现代,名图,2017款 1.8L 手动舒适型GL,12.98万,首付1.08万,月供3260元
59,453,90015887,本田,飞度,2018款 1.5L CVT豪华版,10.28万,首付1.02万,月供3064元
23,90001159,90013239,荣威,RX3,2018款 18T 自动互联网智尊版,13.58万,首付1.30万,月供3887元
145,3302,90013759,马自达,CX-4,2018款 2.0L 自动两驱蓝天品位版,16.98万,首付1.70万,月供5033元
63,3335,90016112,北京,BJ20,2018款 1.5T 手动精英型,10.88万,首付1.04万,月供3129元
63,3280,90011399,北京,BJ80,2017款 2.8TDi 手动豪华五门版,28.80万,首付2.87万,月供8426元
177,3204,90012815,北汽幻速,S6,2017款 1.5T 手动智能型,10.58万,首付0.98万,月供2959元
100,2858,90010822,众泰,T600,2017款 1.5T 手动豪华贺岁版,8.68万,首付0.83万,月供2551元
100,90000184,90012921,众泰,T700,2017款 2.0T 双离合豪华型,12.58万,首付1.23万,月供3672元
244,3187,157441,东风风光,330,2014款 1.5 手动 330实用型5-8座,4.39万,首付0.41万,月供1300元
244,3291,90005889,东风风光,580,2016款 1.8L 手动精英型,7.29万,首付0.69万,月供2140元
83,3337,90015664,吉利汽车,帝豪GL,2018款 1.8L 手动进取型,7.88万,首付0.75万,月供2324元
83,3004,90008878,吉利汽车,帝豪,2017款 三厢百万款 1.3T 手动向上版,8.78万,首付0.88万,月供2688元
83,90001182,90015280,吉利汽车,远景S1,2018款 1.5L 手动锋享型,8.09万,首付0.78万,月供2406元
143,90000603,90013923,广汽传祺,GS3,2017款 150N 自动舒适版,8.28万,首付0.80万,月供2451元
89,159,90016901,丰田,卡罗拉,2018款 双擎 1.8L E-CVT智尚版,15.28万,首付1.50万,月供4454元
245,641,90014731,东风风行,菱智,2018款 M3 1.6L 7座舒适型,6.89万,首付0.67万,月供2079元
8,90000102,90015840,雷诺,科雷傲,2018款 2.0L 两驱舒适版,17.98万,首付1.59万,月供4763元
232,90001308,90015277,宝沃,BX7 TS,2018款 2.0 四驱豪华版,27.68万,首付2.77万,月供8102元
232,3287,90015720,宝沃,BX7,2018款 28T 四驱舒适型 7座,20.18万,首付2.02万,月供5934元
93,1912,90006090,奔腾,B50,2016款 1.4T 自动运动豪华型,10.78万,首付1.01万,月供3031元
93,3196,90010512,奔腾,B30,2017款 1.6L 自动豪华型  ,8.28万,首付0.78万,月供2399元
93,105,90001486,奔腾,B70,2016款 2.0L 手动舒适型,9.98万,首付0.95万,月供2901元
23,90000092,90015387,荣威,i6,2018款 20T 自动互联网智享版,12.68万,首付1.14万,月供3306元
232,90000125,90011854,宝沃,BX5,2017款 25TGDI 两驱都市型,15.98万,首付1.48万,月供4405元
34,368,90013486,别克,君威,2017款 20T 尊贵型,21.98万,首付2.04万,月供6013元
34,83,90015228,别克,君越,2018款 30H 精英型,27.58万,首付2.34万,月供6922元
145,3302,90013758,马自达,CX-4,2018款 2.0L 自动两驱蓝天探索版,16.08万,首付1.61万,月供4771元
63,3335,90016116,北京,BJ20,2018款 1.5T CVT尊贵型,13.98万,首付1.36万,月供4061元
63,3280,90011398,北京,BJ80,2017款 2.8TDi 手动豪华三门版,28.30万,首付2.82万,月供8254元
177,3204,90006151,北汽幻速,S6,2017款 1.5T CVT乐享型,10.68万,首付1.01万,月供3021元
100,2858,90005764,众泰,T600,2016款 1.5T 手动尊贵型,9.88万,首付0.94万,月供2872元
100,90000184,90012916,众泰,T700,2017款 1.8T 双离合豪华型,11.98万,首付1.17万,月供3497元
83,3337,90015667,吉利汽车,帝豪GL,2018款 1.4T 手动精英智联型,8.98万,首付0.86万,月供2648元
83,3004,90008873,吉利汽车,帝豪,2017款 三厢百万款 1.5L CVT豪华型,8.58万,首付0.78万,月供2408元
83,90001182,90013450,吉利汽车,远景S1,2018款 1.4T CVT锋睿型,10.29万,首付1.00万,月供3004元
232,3287,90015718,宝沃,BX7,2018款 28T 两驱质享型 7座,19.58万,首付1.96万,月供5792元
232,90000125,90012320,宝沃,BX5,2017款 25TGDI 手动两驱都市型,14.98万,首付1.38万,月供4113元
34,368,90013467,别克,君威,2017款 20T 豪华型,19.98万,首付1.84万,月供5468元
63,3335,90016114,北京,BJ20,2018款 1.5T CVT精英型,11.88万,首付1.14万,月供3421元
63,3280,90013675,北京,BJ80,2017款 2.3T 自动建军90周年纪念版,31.80万,首付3.15万,月供9227元
177,3204,90006152,北汽幻速,S6,2017款 1.5T CVT尊享型,11.68万,首付1.11万,月供3313元
100,2858,90014168,众泰,T600,2017款 运动版 1.5T 自动旗舰型,13.18万,首付1.28万,月供3811元
100,90000184,90016546,众泰,T700,2018款 1.8T 双离合定制版,13.98万,首付1.36万,月供4056元
83,3004,90014135,吉利汽车,帝豪,2017款 三厢百万款 1.5L 手动向上互联版,8.08万,首付0.73万,月供2259元
34,368,90013465,别克,君威,2017款 20T 领先型,17.58万,首付1.60万,月供4767元
63,3335,90016115,北京,BJ20,2018款 1.5T CVT豪华型,12.98万,首付1.28万,月供3811元
63,3280,90005187,北京,BJ80,2016款 2.3T 自动尊贵版,29.80万,首付2.95万,月供8665元
83,3004,90008874,吉利汽车,帝豪,2017款 三厢百万款 1.5L 手动向上版,7.98万,首付0.80万,月供2450元
34,368,90013487,别克,君威,2017款 30H 精英型,22.98万,首付2.14万,月供6303元
63,3335,90016111,北京,BJ20,2018款 1.5T 手动舒适型,9.68万,首付0.92万,月供2831元
83,3004,90008876,吉利汽车,帝豪,2017款 三厢百万款 1.5L 手动豪华型,7.48万,首付0.75万,月供2302元
34,368,90013468,别克,君威,2017款 28T 尊贵型,23.98万,首付2.24万,月供6592元
83,3004,90008875,吉利汽车,帝豪,2017款 三厢百万款 1.5L 手动时尚型,6.98万,首付0.70万,月供2153元
34,368,90013488,别克,君威,2017款 30H 豪华型,23.98万,首付2.24万,月供6592元
34,368,90013489,别克,君威,2017款 28T GS豪华型,23.98万,首付2.24万,月供6592元
23,90000092,90015385,荣威,i6,2018款 20T 手动豪华版,10.68万,首付0.99万,月供2901元
23,3307,90013375,荣威,RX5,2018款 20T 两驱手动旗舰版,11.98万,首付1.07万,月供3126元
59,453,90015883,本田,飞度,2018款 1.5L CVT舒适版,8.18万,首付0.81万,月供2488元
143,90000081,90008910,广汽传祺,GS8,2017款  320T 两驱豪华版,16.98万,首付1.60万,月供4592元
143,3143,90009655,广汽传祺,GS4,2017款 200T G-DCT两驱舒适版,11.58万,首付1.02万,月供2988元
245,641,90008771,东风风行,菱智,2017款 M3L 1.6L 9座舒适型,6.89万,首付0.67万,月供2068元
93,3196,90010511,奔腾,B30,2017款 1.6L 自动舒适型 ,7.98万,首付0.75万,月供2310元
245,3018,90013591,东风风行,景逸S50,2017款 2.0L 手动豪华型,8.59万,首付0.82万,月供2519元
188,90000509,90013929,凯翼,X5,2017款 1.5T 手动尊贵型,8.49万,首付0.85万,月供2602元
188,3301,90011897,凯翼,X3,2017款 1.6L CVT豪华版,7.99万,首付0.77万,月供2370元
188,90001301,90014970,凯翼,E3,2018款 1.5L 自动豪华型,6.49万,首付0.62万,月供1916元
245,2812,90010180,东风风行,景逸X5,2017款 1.6L 手动尊享型,9.59万,首付0.90万,月供2758元
83,90001182,90015279,吉利汽车,远景S1,2018款 1.5L 手动锋驰型,7.59万,首付0.73万,月供2257元
83,3111,90013581,吉利汽车,博瑞,2017款 1.8T 旗舰4G型,17.98万,首付1.69万,月供5038元
244,3291,90005493,东风风光,580,2016款 1.5T 手动豪华型,8.99万,首付0.85万,月供2621元
238,2963,90014953,北汽绅宝,D50,2018款 1.5L 手动尊贵智联版,8.19万,首付0.75万,月供2333元
238,3292,90005495,北汽绅宝,X35,2016款 1.5L 手动时尚版,6.58万,首付0.63万,月供1962元
63,2878,90016063,北京,BJ40,2018款 2.0T 手动柴油四驱尊贵版,15.99万,首付1.59万,月供4731元
63,3280,90005186,北京,BJ80,2016款 2.3T 手动尊贵版,28.80万,首付2.83万,月供8285元
121,3037,90011330,比亚迪,S7,2017款 2.0TID 自动豪华型,11.99万,首付1.16万,月供3467元
121,90001100,90014215,比亚迪,宋MAX,2017款 1.5TI 自动舒适型,8.99万,首付0.90万,月供2750元
121,3189,90016346,比亚迪,宋,2018款 1.5TID 自动智联尊荣型,11.99万,首付1.18万,月供3530元
121,2577,90016355,比亚迪,速锐,2018款 1.5L 手动尊享型,6.99万,首付0.64万,月供1999元
121,381,90016350,比亚迪,F3,2018款 1.5L 手动精英型,4.89万,首付0.47万,月供1490元
245,3018,90011709,东风风行,景逸S50,2017款 1.5L 手动尊享型,7.49万,首付0.71万,月供2192元
83,3111,90013587,吉利汽车,博瑞,2017款 2.4L 标准型,11.98万,首付1.11万,月供3343元
244,3291,90006622,东风风光,580,2016款 改款 1.5T CVT舒适型,9.39万,首付0.89万,月供2734元
238,2963,90014949,北汽绅宝,D50,2018款 1.5L CVT豪华智驾版,7.99万,首付0.73万,月供2274元
63,2878,90016064,北京,BJ40,2018款 40L 2.0T 手动柴油四驱尊贵版,15.99万,首付1.55万,月供4596元
121,90001100,90012600,比亚迪,宋MAX,2017款 1.5TI 手动舒适型,7.99万,首付0.80万,月供2453元
121,3189,90016345,比亚迪,宋,2018款 1.5TID 自动智联尊贵型,10.99万,首付1.08万,月供3238元
121,2577,90016354,比亚迪,速锐,2018款 1.5L 手动畅享型,6.59万,首付0.60万,月供1885元
121,381,90016348,比亚迪,F3,2018款 1.5L 手动经典型,4.39万,首付0.42万,月供1342元
83,3111,90013585,吉利汽车,博瑞,2017款 1.8T 尊贵型,15.68万,首付1.47万,月供4395元
244,3291,90012622,东风风光,580,2017款 1.5T CVT智联版,12.30万,首付1.19万,月供3566元
238,2963,90014948,北汽绅宝,D50,2018款 1.5L CVT时尚智驾版,7.79万,首付0.71万,月供2215元
63,2878,90013674,北京,BJ40,2017款 40L 2.3T 自动四驱环塔冠军版,17.98万,首付1.74万,月供5171元
121,3189,90016344,比亚迪,宋,2018款 1.5TID 自动舒适型,9.99万,首付0.98万,月供3004元
121,2577,90016353,比亚迪,速锐,2018款 1.5L 手动悦享型,5.99万,首付0.55万,月供1715元
83,3111,90013590,吉利汽车,博瑞,2017款 2.4L 尊尚型,13.88万,首付1.30万,月供3897元
244,3291,90014187,东风风光,580,2017款 改款 1.5T CVT豪华型,10.10万,首付0.96万,月供2879元
238,2963,90014947,北汽绅宝,D50,2018款 1.5L 手动尊贵智驾版,7.69万,首付0.70万,月供2185元
63,2878,90013673,北京,BJ40,2017款 40L 2.3T 手动四驱环塔冠军版,16.98万,首付1.64万,月供4879元
121,3189,90016343,比亚迪,宋,2018款 1.5TI 手动智联尊享型,9.99万,首付0.98万,月供2993元
244,3291,90011143,东风风光,580,2017款 1.5T CVT豪华型,10.10万,首付0.96万,月供2879元
238,2963,90014954,北汽绅宝,D50,2018款 1.5L 手动尊享智联版,8.59万,首付0.79万,月供2452元
63,2878,90004888,北京,BJ40,2016款 2.3T 自动两驱尊贵版,15.98万,首付1.55万,月供4595元
121,3189,90016215,比亚迪,宋,2018款 1.5TI 手动智联进享型,8.99万,首付0.88万,月供2695元
244,3291,90014188,东风风光,580,2017款 1.5T CVT舒适型,9.39万,首付0.89万,月供2734元
238,2963,90014950,北汽绅宝,D50,2018款 1.5L CVT尊贵智驾版,8.69万,首付0.87万,月供2661元
63,2878,90004889,北京,BJ40,2016款 2.3T 手动四驱尊享版,15.98万,首付1.55万,月供4595元
121,3189,90016294,比亚迪,宋,2018款 1.5TI 手动进取型,7.99万,首付0.78万,月供2398元
244,3291,90014189,东风风光,580,2017款 1.5T 手动豪华型,9.19万,首付0.89万,月供2716元
238,2963,90014951,北汽绅宝,D50,2018款 1.5L CVT尊贵智联版,9.19万,首付0.85万,月供2631元
63,2878,90004898,北京,BJ40,2016款 40L 2.3T 自动两驱尊贵版,15.98万,首付1.54万,月供4582元
238,2963,90014952,北汽绅宝,D50,2018款 1.5L CVT尊享智联版,9.69万,首付0.90万,月供2779元
63,2878,90004893,北京,BJ40,2016款 40L 2.3T 自动两驱豪华版,14.98万,首付1.44万,月供4290元
63,2878,90004882,北京,BJ40,2016款 40L 2.0T 手动两驱豪华版,12.98万,首付1.24万,月供3706元
63,2878,90004874,北京,BJ40,2016款 2.0T 手动两驱尊贵版,12.98万,首付1.25万,月供3734元
63,2878,90004902,北京,BJ40,2016款 40L 2.3T 手动四驱尊享版,15.98万,首付1.54万,月供4582元
121,381,90016349,比亚迪,F3,2018款 1.5L 手动时尚型,4.59万,首付0.44万,月供1401元
34,90001250,90014071,别克,阅朗,2018款 18T 自动旗舰型,14.69万,首付1.25万,月供3773元
34,90001032,90012161,别克,GL6,2018款 18T 6座精英型,14.49万,首付1.39万,月供4152元
34,3165,90014550,别克,威朗,2018款 三厢 15S 自动进取型,14.69万,首付1.21万,月供3646元
34,3038,90015355,别克,昂科威,2018款 20T 两驱豪华型,23.99万,首付2.03万,月供6016元
34,2643,90015104,别克,昂科拉,2018款 18T 自动两驱都市精英型,16.99万,首付1.37万,月供4135元
34,1899,90014541,别克,英朗,2018款 15T 手动精英型,11.69万,首付0.88万,月供2679元
34,220,90011840,别克,GL8,2017款 25S 豪华型,24.99万,首付2.42万,月供7118元
34,83,90015231,别克,君越,2018款 20T 豪华型,25.98万,首付2.17万,月供6426元
93,105,90014446,奔腾,B70,2018款 2.0L 自动互联智享型,11.48万,首付1.09万,月供3266元
93,90000474,90016417,奔腾,X40,2018款 网红版 1.6L 自动互联智享型,9.68万,首付0.97万,月供2955元
93,3196,90014442,奔腾,B30,2018款 1.6L 手动20周年纪念版,7.28万,首付0.68万,月供2102元
93,2748,90014448,奔腾,X80,2018款 2.0L 自动20周年纪念版,13.48万,首付1.24万,月供3706元
93,1912,90014443,奔腾,B50,2018款 1.6L 手动20周年纪念版,8.58万,首付0.79万,月供2436元
84,90000085,90014774,大众,蔚领,2018款 1.5L 手动舒适型,12.59万,首付1.10万,月供3311元
34,90001250,90014538,别克,阅朗,2018款 18T 自动精英型,13.69万,首付1.15万,月供3481元
34,90001032,90014535,别克,GL6,2018款 18T 6座尊贵型,16.69万,首付1.61万,月供4794元
34,3165,90014546,别克,威朗,2018款 两厢 15S 自动领先型,14.59万,首付1.21万,月供3641元
34,3038,90015353,别克,昂科威,2018款 20T 两驱领先型,21.99万,首付1.83万,月供5416元
34,2643,90015101,别克,昂科拉,2018款 18T 手动两驱都市进取型,13.99万,首付1.07万,月供3260元
34,1899,90014540,别克,英朗,2018款 15T 双离合进取型,11.99万,首付0.91万,月供2767元
34,220,90011841,别克,GL8,2017款 25S 舒适型,22.99万,首付2.22万,月供6540元
34,83,90015232,别克,君越,2018款 20T 精英型,23.98万,首付1.97万,月供5826元
93,105,90014447,奔腾,B70,2018款 轿跑版 1.8T 自动互联智享型,12.28万,首付1.17万,月供3505元
93,90000474,90016416,奔腾,X40,2018款 网红版 1.6L 自动互联智酷型,8.98万,首付0.90万,月供2747元
93,1912,90014444,奔腾,B50,2018款 1.4T 自动20周年纪念版,10.58万,首付0.99万,月供2973元
84,90000085,90014779,大众,蔚领,2018款 230TSI DSG舒适型,14.89万,首付1.33万,月供3977元
34,90001250,90014537,别克,阅朗,2018款 15T 双离合精英型,12.99万,首付1.09万,月供3285元
34,90001032,90014534,别克,GL6,2018款 18T 6座豪华型,15.59万,首付1.50万,月供4473元
34,3165,90014551,别克,威朗,2018款 三厢 15S 手动领先型,14.49万,首付1.14万,月供3466元
34,3038,90015354,别克,昂科威,2018款 20T 两驱精英型,22.99万,首付1.93万,月供5705元
34,2643,90015103,别克,昂科拉,2018款 18T 自动两驱都市时尚型,15.59万,首付1.23万,月供3727元
34,1899,90014544,别克,英朗,2018款 18T 自动旗舰型,14.39万,首付1.15万,月供3467元
34,220,90011839,别克,GL8,2017款 25S 尊贵型,26.99万,首付2.62万,月供7696元
34,83,90015230,别克,君越,2018款 28T 豪华型,28.98万,首付2.46万,月供7274元
93,105,90014445,奔腾,B70,2018款 2.0L 手动互联智享型,10.48万,首付0.99万,月供2974元
93,90000474,90016414,奔腾,X40,2018款 网红版 1.6L 手动互联智酷型,7.98万,首付0.80万,月供2450元
84,90000085,90014776,大众,蔚领,2018款 1.5L 手动豪华型,13.99万,首付1.24万,月供3720元
34,90001250,90014536,别克,阅朗,2018款 15T 手动精英型,11.99万,首付0.98万,月供2971元
34,3165,90014545,别克,威朗,2018款 两厢 15S 自动进取型,13.59万,首付1.11万,月供3350元
34,3038,90015356,别克,昂科威,2018款 20T 四驱豪华型,24.99万,首付2.13万,月供6305元
34,2643,90015102,别克,昂科拉,2018款 18T 自动两驱都市领先型,14.99万,首付1.17万,月供3551元
34,220,90009466,别克,GL8,2017款 28T 舒适型,28.99万,首付2.83万,月供8288元
34,83,90015234,别克,君越,2018款 28T Avenir,30.98万,首付2.89万,月供8505元
93,105,90001492,奔腾,B70,2016款 1.8T 自动精英型,12.28万,首付1.14万,月供3422元
84,90000085,90014778,大众,蔚领,2018款 230TSI 手动舒适型,13.49万,首付1.19万,月供3568元
34,3165,90014552,别克,威朗,2018款 三厢 15S 自动领先型,15.49万,首付1.29万,月供3879元
34,3038,90015358,别克,昂科威,2018款 28T 四驱豪华型,28.99万,首付2.52万,月供7448元
34,2643,90015105,别克,昂科拉,2018款 18T 自动四驱全能旗舰型,18.99万,首付1.57万,月供4719元
34,220,90009467,别克,GL8,2017款 28T 尊享型,32.99万,首付3.23万,月供9472元
34,83,90015233,别克,君越,2018款 20T 领先型,22.98万,首付1.87万,月供5537元
84,90000085,90016067,大众,蔚领,2018款 1.5L 自动时尚型,12.89万,首付1.14万,月供3437元
34,3165,90014548,别克,威朗,2018款 GS 20T 双离合领先型,16.59万,首付1.41万,月供4225元
34,3038,90015359,别克,昂科威,2018款 28T 四驱全能运动旗舰型,31.99万,首付2.82万,月供8342元
34,220,90009468,别克,GL8,2017款 28T 豪华型,36.99万,首付3.63万,月供10628元
34,3165,90014547,别克,威朗,2018款 GS 20T 双离合进取型,15.59万,首付1.31万,月供3933元
34,220,90009469,别克,GL8,2017款 28T 旗舰型,39.99万,首付3.93万,月供11495元
34,3165,90014555,别克,威朗,2018款 三厢 20T 双离合豪华型,17.99万,首付1.49万,月供4488元
34,220,90009474,别克,GL8,2017款 2.0T Avenir,44.99万,首付8.13万,月供12147元
34,3165,90014549,别克,威朗,2018款 GS 20T 双离合豪华型,18.59万,首付1.61万,月供4809元
84,3288,90016548,大众,高尔夫·嘉旅,2018款 1.6L 手动舒适型,13.19万,首付1.20万,月供3610元
84,90000085,90014780,大众,蔚领,2018款 230TSI DSG豪华型,16.29万,首付1.47万,月供4385元
84,1971,90014833,大众,CC,2018款 3.0 FSI V6,34.28万,首付3.02万,月供8902元
84,566,90014765,大众,速腾,2018款 1.6L 手动舒适型,13.88万,首付1.19万,月供3580元
84,449,90010031,大众,捷达,2017款 1.5L 手动豪华型,10.96万,首付0.93万,月供2825元
84,448,90014748,大众,宝来,2018款 1.5L 自动豪华型,14.38万,首付1.23万,月供3688元
84,266,90014853,大众,高尔夫,2018款 2.0TSI GTI,23.99万,首付2.22万,月供6542元
84,135,90014350,大众,迈腾,2018款 380TSI DSG 旗舰型,31.69万,首付2.98万,月供8776元
119,3275,90014917,一汽,森雅R7,2017款 智能网联版 1.5T 手动智擎型,8.49万,首付0.82万,月供2511元
84,3288,90016552,大众,高尔夫·嘉旅,2018款 230TSI 自动进取型,16.69万,首付1.54万,月供4599元
84,90000085,90014777,大众,蔚领,2018款 1.5L 自动豪华型,15.19万,首付1.36万,月供4070元
84,1971,90014829,大众,CC,2018款 1.8TSI 豪华型,26.88万,首付2.29万,月供6777元
84,566,90014766,大众,速腾,2018款 1.6L 自动舒适型,15.08万,首付1.30万,月供3917元
84,449,90010029,大众,捷达,2017款 1.5L 手动舒适型,9.76万,首付0.81万,月供2527元
84,448,90014750,大众,宝来,2018款 230TSI 自动舒适型,14.18万,首付1.20万,月供3618元
84,266,90014852,大众,高尔夫,2018款 280TSI DSG 旗舰型,18.29万,首付1.66万,月供4942元
84,135,90014349,大众,迈腾,2018款 380TSI DSG 尊贵型,27.39万,首付2.55万,月供7506元
119,3275,90014258,一汽,森雅R7,2017款 1.5T 手动豪华型,7.79万,首付0.75万,月供2303元
84,3288,90016549,大众,高尔夫·嘉旅,2018款 1.6L 自动舒适型,14.39万,首付1.32万,月供3950元
84,1971,90014832,大众,CC,2018款 2.0TSI 至尊型,30.38万,首付2.63万,月供7761元
84,566,90014771,大众,速腾,2018款 280TSI DSG R-Line,16.78万,首付1.46万,月供4385元
84,449,90010027,大众,捷达,2017款 1.5L 手动时尚型,8.56万,首付0.69万,月供2171元
84,448,90014751,大众,宝来,2018款 230TSI 自动豪华型,15.38万,首付1.32万,月供3968元
84,266,90014851,大众,高尔夫,2018款 280TSI DSG R-line型,17.19万,首付1.55万,月供4634元
84,135,90014347,大众,迈腾,2018款 330TSI DSG 尊贵型,25.89万,首付2.41万,月供7080元
119,3275,90014914,一汽,森雅R7,2017款 智能网联版 1.6L 自动智悦型,9.19万,首付0.89万,月供2719元
84,3288,90016555,大众,高尔夫·嘉旅,2018款 280TSI 自动旗舰型,19.79万,首付1.84万,月供5476元
84,1971,90014831,大众,CC,2018款 2.0TSI 豪华型,28.38万,首付2.44万,月供7197元
84,566,90014769,大众,速腾,2018款 280TSI DSG豪华型,17.28万,首付1.52万,月供4545元
84,449,90010033,大众,捷达,2017款 1.4TSI 自动运动版,13.49万,首付1.19万,月供3566元
84,448,90014747,大众,宝来,2018款 1.5L 自动舒适型,13.18万,首付1.11万,月供3337元
84,266,90014849,大众,高尔夫,2018款 230TSI DSG豪华型,16.59万,首付1.50万,月供4470元
84,135,90014348,大众,迈腾,2018款 380TSI DSG 豪华型,24.99万,首付2.31万,月供6812元
119,3275,90014915,一汽,森雅R7,2017款 智能网联版 1.6L 自动智享型,9.59万,首付0.93万,月供2838元
84,3288,90016553,大众,高尔夫·嘉旅,2018款 230TSI 自动豪华型,17.99万,首付1.67万,月供4967元
84,566,90014767,大众,速腾,2018款 180TSI DSG臻享版,15.38万,首付1.33万,月供3990元
84,449,90010032,大众,捷达,2017款 1.5L 自动豪华型,11.96万,首付1.03万,月供3116元
84,448,90014749,大众,宝来,2018款 230TSI 手动舒适型,12.78万,首付1.06万,月供3210元
84,266,90014850,大众,高尔夫,2018款 280TSI 手动R-line型,15.78万,首付1.41万,月供4226元
84,135,90014345,大众,迈腾,2018款 330TSI DSG 领先型,21.99万,首付2.02万,月供5969元
119,3275,90016221,一汽,森雅R7,2017款 改款 1.6L 自动豪华型,8.29万,首付0.83万,月供2542元
84,3288,90016554,大众,高尔夫·嘉旅,2018款 280TSI 自动豪华型,18.49万,首付1.72万,月供5110元
84,566,90014772,大众,速腾,2018款 2.0TSI GLI,21.88万,首付1.97万,月供5814元
84,449,90010026,大众,捷达,2017款 1.4L 手动舒适型,9.19万,首付0.76万,月供2363元
84,448,90014746,大众,宝来,2018款 1.5L 手动舒适型,11.98万,首付0.98万,月供2982元
84,266,90014847,大众,高尔夫,2018款 230TSI 手动舒适型,14.06万,首付1.25万,月供3751元
84,135,90014343,大众,迈腾,2018款 280TSI DSG 领先型,20.99万,首付1.92万,月供5648元
119,3275,90014913,一汽,森雅R7,2017款 智能网联版 1.6L 手动智悦型,8.29万,首付0.80万,月供2451元
84,3288,90016550,大众,高尔夫·嘉旅,2018款 180TSI 自动进取型,16.19万,首付1.49万,月供4458元
84,566,90014770,大众,速腾,2018款 280TSI DSG旗舰型,18.28万,首付1.61万,月供4823元
119,3275,90013131,一汽,森雅R7,2017款 1.6L 手动时尚型,6.69万,首付0.64万,月供1976元
84,3288,90016551,大众,高尔夫·嘉旅,2018款 230TSI 手动进取型,15.29万,首付1.41万,月供4204元
119,3275,90014916,一汽,森雅R7,2017款 智能网联版 1.6L 自动智尊型,10.29万,首付1.00万,月供2990元
119,3275,90016375,一汽,森雅R7,2018款 R7C 1.6L 自动智悦型,9.59万,首付0.96万,月供2929元
119,3275,90016373,一汽,森雅R7,2018款 R7C 1.6L 自动豪华型,8.99万,首付0.90万,月供2750元
119,3275,90016374,一汽,森雅R7,2018款 R7C 1.6L 手动智悦型,8.69万,首付0.87万,月供2661元
119,3275,90016376,一汽,森雅R7,2018款 R7C 1.6L 自动智享型,9.99万,首付1.00万,月供3048元
119,3275,90016378,一汽,森雅R7,2018款 R7C 1.5T 手动智擎型,8.99万,首付0.90万,月供2750元
119,3275,90016372,一汽,森雅R7,2018款 R7C 1.6L 手动豪华型,7.99万,首付0.80万,月供2453元
119,3275,90016377,一汽,森雅R7,2018款 R7C 1.6L 自动智尊型,10.69万,首付1.07万,月供3198元
147,3339,90013833,三菱,欧蓝德,2018款 2.4L 四驱豪华版 7座,19.68万,首付1.90万,月供5625元
147,2809,136802,三菱,帕杰罗·劲畅,2013款 3.0L 自动四驱旗舰版,30.88万,首付2.50万,月供7418元
147,2679,90013811,三菱,劲炫ASX,2018款 1.6L 手动两驱时尚版,11.98万,首付1.04万,月供3139元
83,3253,90016014,吉利汽车,博越,2018款 1.8TD 手动两驱智联型4G互联版,12.18万,首付1.22万,月供3632元
121,90001100,90013993,比亚迪,宋MAX,2017款 1.5TI 自动互联尊贵型,11.99万,首付1.20万,月供3577元
100,90001139,90013113,众泰,T600 Coupe,2017款 1.5T 自动旗舰型,12.58万,首付1.24万,月供3689元
245,2812,90013712,东风风行,景逸X5,2017款 劲享系列 1.5T 手动豪华型,9.39万,首付0.91万,月供2781元
245,2997,90013057,东风风行,CM7,2018款 2.0T 自动豪华型,16.99万,首付1.68万,月供4989元
245,2944,90011789,东风风行,景逸X3,2017款 1.5L 手动舒适型,6.69万,首付0.65万,月供2003元
245,641,90008770,东风风行,菱智,2017款 M3L 2.0L 7座标准型,8.19万,首付0.80万,月供2457元
83,130,90014956,吉利汽车,远景,2018款 1.5L 手动进取型,5.39万,首付0.51万,月供1603元
84,90000085,90014775,大众,蔚领,2018款 1.5L 自动舒适型,13.79万,首付1.23万,月供3678元
84,1971,90014830,大众,CC,2018款 2.0TSI 尊贵型,26.78万,首付2.30万,月供6792元
84,566,90014768,大众,速腾,2018款 280TSI DSG舒适型,16.28万,首付1.43万,月供4283元
84,449,90010030,大众,捷达,2017款 1.5L 自动舒适型,10.76万,首付0.92万,月供2783元
84,448,90014745,大众,宝来,2018款 1.5L 自动时尚型,11.98万,首付0.99万,月供2998元
84,266,90014848,大众,高尔夫,2018款 230TSI DSG舒适型,15.49万,首付1.40万,月供4191元
84,135,90014346,大众,迈腾,2018款 330TSI DSG 豪华型,23.49万,首付2.18万,月供6422元
93,90000474,90016413,奔腾,X40,2018款 网红版 1.6L 手动豪华型,7.48万,首付0.75万,月供2302元
93,2748,90007351,奔腾,X80,2017款 1.8T 自动豪华型,13.78万,首付1.24万,月供3714元
147,3339,90013702,三菱,欧蓝德,2018款 2.4L 四驱精英版 5座,19.18万,首付1.85万,月供5480元
147,2809,155382,三菱,帕杰罗·劲畅,2013款 3.0L 自动四驱行政版,28.88万,首付2.31万,月供6851元
83,3253,90010896,吉利汽车,博越,2016款 1.8TD 自动智联型,12.78万,首付1.20万,月供3587元
100,90001139,90013115,众泰,T600 Coupe,2017款 1.8T 双离合尊享型,11.38万,首付1.12万,月供3338元
245,2812,90010178,东风风行,景逸X5,2017款 1.6L 手动舒适型,7.99万,首付0.79万,月供2415元
245,641,90008519,东风风行,菱智,2017款 M5 1.6L 舒适型,7.79万,首付0.76万,月供2336元
84,90000085,90016066,大众,蔚领,2018款 1.5L 手动时尚型,11.69万,首付1.03万,月供3104元
84,1971,90014828,大众,CC,2018款 1.8TSI 尊贵型,25.28万,首付2.15万,月供6375元
84,566,90014764,大众,速腾,2018款 1.6L 自动时尚型,14.38万,首付1.25万,月供3748元
84,449,90010028,大众,捷达,2017款 1.5L 自动时尚型,9.56万,首付0.80万,月供2484元
84,448,90014744,大众,宝来,2018款 1.5L 手动时尚型,10.78万,首付0.87万,月供2656元
84,266,90014846,大众,高尔夫,2018款 180TSI 自动舒适型,15.08万,首付1.37万,月供4085元
84,135,90014344,大众,迈腾,2018款 330TSI DSG 舒适型,20.99万,首付1.93万,月供5678元
93,90000474,90016415,奔腾,X40,2018款 网红版 1.6L 自动豪华型,8.48万,首付0.85万,月供2599元
93,2748,90007348,奔腾,X80,2017款 2.0L 手动豪华型,12.38万,首付1.14万,月供3429元
147,3339,90007866,三菱,欧蓝德,2016款 2.4L 四驱尊贵版 7座,22.38万,首付2.18万,月供6421元
147,2809,136800,三菱,帕杰罗·劲畅,2013款 3.0L 自动两驱豪华版,24.88万,首付2.06万,月供6105元
100,90001139,90013114,众泰,T600 Coupe,2017款 1.8T 双离合豪华型,10.58万,首付1.04万,月供3105元
84,566,90014763,大众,速腾,2018款 1.6L 手动时尚型,13.18万,首付1.13万,月供3404元
84,449,90010025,大众,捷达,2017款 1.4L 手动时尚型,7.99万,首付0.64万,月供2018元
84,266,90014845,大众,高尔夫,2018款 1.6L 自动舒适型,14.49万,首付1.31万,月供3932元
84,135,90014801,大众,迈腾,2018款 280TSI DSG 越享型,19.79万,首付1.81万,月供5385元
93,90000474,90015198,奔腾,X40,2017款 1.6L 手动互联智酷型,7.98万,首付0.78万,月供2398元
147,3339,90007865,三菱,欧蓝德,2016款 2.4L 四驱豪华版 7座,19.68万,首付1.91万,月供5667元
147,2809,156379,三菱,帕杰罗·劲畅,2013款 2.4L 手动两驱舒适版,20.88万,首付1.69万,月供5015元
100,90001139,90013109,众泰,T600 Coupe,2017款 1.5T 手动尊享型,9.58万,首付0.94万,月供2865元
84,266,90014844,大众,高尔夫,2018款 1.6L 自动时尚型,13.39万,首付1.20万,月供3611元
84,135,90014342,大众,迈腾,2018款 280TSI DSG 舒适型,18.99万,首付1.74万,月供5171元
93,90000474,90010174,奔腾,X40,2017款  1.6L 自动豪华型,8.48万,首付0.85万,月供2599元
147,3339,90007864,三菱,欧蓝德,2016款 2.4L 四驱精英版 5座,18.98万,首付1.84万,月供5468元
100,90001139,90013118,众泰,T600 Coupe,2017款 1.8T 双离合互联网智尊型,14.68万,首付1.45万,月供4301元
84,266,90014843,大众,高尔夫,2018款 1.6L 手动时尚型,12.19万,首付1.09万,月供3274元
93,90000474,90011583,奔腾,X40,2017款 1.6L 手动豪华型,7.48万,首付0.73万,月供2260元
147,3339,90013703,三菱,欧蓝德,2018款 2.4L 四驱尊贵版 7座,22.38万,首付2.18万,月供6396元
100,90001139,90013116,众泰,T600 Coupe,2017款 1.8T 双离合尊贵型,12.28万,首付1.21万,月供3601元
93,90000474,90016412,奔腾,X40,2018款 网红版 1.6L 手动舒适型,7.08万,首付0.70万,月供2169元
100,90001139,90013112,众泰,T600 Coupe,2017款 1.5T 自动尊贵型,11.58万,首付1.14万,月供3397元
93,90000474,90016411,奔腾,X40,2018款 网红版 1.6L 手动技术型,6.68万,首付0.66万,月供2044元
100,90001139,90013111,众泰,T600 Coupe,2017款 1.5T 自动尊享型,10.68万,首付1.05万,月供3134元
100,90001139,90013108,众泰,T600 Coupe,2017款 1.5T 手动豪华型,8.68万,首付0.85万,月供2598元
83,3111,90016428,吉利汽车,博瑞,2018款 1.8T 尊尚智领版,15.48万,首付1.45万,月供4320元
83,3337,90007948,吉利汽车,帝豪GL,2017款 1.8L 自动精英型,9.58万,首付0.95万,月供2898元
177,90000620,90012402,北汽幻速,S5,2017款 1.3T 自动豪华型,8.18万,首付0.81万,月供2496元
83,3253,90016015,吉利汽车,博越,2018款 1.8TD 自动两驱智雅型,11.78万,首付1.18万,月供3516元
83,90001168,90013655,吉利汽车,远景X3,2017款 1.5L 自动精英型,6.19万,首付0.61万,月供1893元
23,3307,90013378,荣威,RX5,2018款 20T 两驱自动互联网智惠版,14.38万,首付1.36万,月供3926元
80,90000084,90014571,东南,DX3,2018款 1.5T CVT豪华型,8.99万,首付0.88万,月供2582元
80,3169,90013872,东南,DX7,2018款 1.5T 自动荣耀版,12.39万,首付1.15万,月供3345元
15,317,90011988,日产,天籁,2016款 改款 2.0L XL舒适版,18.68万,首付1.61万,月供4628元
59,453,90015884,本田,飞度,2018款 1.5L CVT舒适天窗版,8.58万,首付0.85万,月供2615元
8,90000102,90016431,雷诺,科雷傲,2018款 2.0L 两驱120周年限量版,20.88万,首付1.91万,月供5630元
139,90000117,90010189,Jeep,指南者,2017款 200T 自动家享版,17.98万,首付1.67万,月供4959元
139,3298,90011904,Jeep,自由侠,2017款 180T 动能版,13.48万,首付1.21万,月供3618元
139,1499,90013294,Jeep,牧马人（进口）,2017款 2.8TD 四门舒享版 Sahara,42.99万,首付3.98万,月供11671元
15,133,90012909,日产,逍客,2017款 1.2T XE CVT时尚版,14.98万,首付1.35万,月供4042元
15,113,90015912,日产,轩逸,2018款 经典 1.6XE CVT舒适版,10.98万,首付0.89万,月供2715元
100,3234,90013308,众泰,SR7,2017款 1.5T 手动魔方之心版,8.28万,首付0.82万,月供2520元
100,2858,90014164,众泰,T600,2017款 运动版 1.5T 手动尊享型,10.18万,首付1.00万,月供3008元
235,2284,90012652,哈弗,H6,2017款 红标 2.0T 自动智尚型,13.98万,首付1.38万,月供3977元
59,2785,90013327,本田,凌派,2017款 1.8L CVT 舒适特装版,12.48万,首付1.14万,月供3417元
59,3041,90014025,本田,缤智,2018款 1.5L CVT科技精英版,14.58万,首付1.44万,月供4278元
244,3291,90014186,东风风光,580,2017款 1.5T CVT智尚型,11.30万,首付1.11万,月供3307元
244,90001151,90015061,东风风光,S560,2018款 1.8L 手动精英型,6.99万,首付0.70万,月供2156元
83,90001182,90015281,吉利汽车,远景S1,2018款 1.4T CVT锋驰型,8.89万,首付0.87万,月供2666元
23,90000572,90012554,荣威,ei6,2017款 45T 混动互联智尊版,21.58万,首付1.89万,月供5581元
83,3004,90016201,吉利汽车,帝豪,2018款 1.5L CVT向上互联版,9.18万,首付0.90万,月供2752元
83,130,90014957,吉利汽车,远景,2018款 1.5L 手动幸福版,5.99万,首付0.58万,月供1804元
84,340,90011589,大众,朗逸,2017款 1.6L 自动风尚版,12.19万,首付1.03万,月供3112元
55,90000929,90011576,现代,悦纳RV,2017款 1.4L 自动炫酷版GLS,8.88万,首付0.79万,月供2442元
55,3254,90004037,现代,领动,2016款 1.6L 自动智炫·精英型,11.98万,首付1.04万,月供3133元
55,3035,90013801,现代,ix25,2017款  1.6L 自动智能型,13.28万,首付1.24万,月供3705元
55,2844,90012523,现代,名图,2017款 1.8L 自动智能型GLS,14.98万,首付1.30万,月供3898元
55,2683,90006922,现代,全新胜达,2017款 2.4L 自动两驱智能型 5座,23.98万,首付2.11万,月供6233元
55,2581,90005281,现代,朗动,2016款 1.6L 自动智能型,11.58万,首付0.88万,月供2686元
55,1935,90015190,现代,ix35,2018款 2.0L 自动两驱智勇·畅享版,13.99万,首付1.40万,月供4161元
55,335,90011952,现代,悦动,2017款 1.6L 自动悦值版GLS,10.29万,首付0.98万,月供2943元
55,294,158751,现代,途胜,2015款 1.6T 双离合两驱智能型,17.99万,首付1.58万,月供4722元
55,211,90013805,现代,索纳塔九,2018款 1.6T GLS智能型,18.38万,首付1.77万,月供5249元
147,3339,90013809,三菱,欧蓝德,2018款 2.0L 两驱嘉乐版 7座,17.48万,首付1.69万,月供5017元
84,946,90013893,大众,甲壳虫（进口）,2018款 180TSI 宜乐型,19.58万,首付1.70万,月供5081元
84,90000017,90013497,大众,辉昂,2018款 380TSI 商务版,34.90万,首付3.05万,月供8999元
84,90000134,90009729,大众,途昂,2017款 330TSI 舒适版,30.89万,首付3.05万,月供8961元
84,3248,90014377,大众,途安,2018款 途安L 280TSI 自动风尚版,16.98万,首付1.55万,月供4612元
83,3111,90016427,吉利汽车,博瑞,2018款 1.8T 舒适智领版,14.48万,首付1.35万,月供4028元
83,3337,90015670,吉利汽车,帝豪GL,2018款 1.4T 自动旗舰型,11.58万,首付1.13万,月供3375元
83,3253,90016246,吉利汽车,博越,2018款 1.8TD 自动两驱智联型4G互联版,12.98万,首付1.28万,月供3811元
83,90001168,90013656,吉利汽车,远景X3,2017款 1.5L 自动尊贵型,6.59万,首付0.65万,月供2012元
15,317,90006279,日产,天籁,2016款 2.0L XE时尚版,17.58万,首付1.50万,月供4495元
59,453,90015886,本田,飞度,2018款 1.5L CVT潮跑+版,9.38万,首付0.92万,月供2817元
139,90000117,90010190,Jeep,指南者,2017款 200T 自动臻享版,19.98万,首付1.88万,月供5581元
100,2858,90014165,众泰,T600,2017款 运动版 1.5T 自动豪华型,10.28万,首付1.01万,月供3037元
83,3004,90016200,吉利汽车,帝豪,2018款 1.5L CVT豪华型,8.58万,首付0.84万,月供2573元
83,130,90014958,吉利汽车,远景,2018款 1.5L 自动幸福版,6.89万,首付0.67万,月供2071元
84,340,90011599,大众,朗逸,2017款 230TSI DSG豪华版,15.99万,首付1.40万,月供4193元
83,3111,90013582,吉利汽车,博瑞,2017款 1.8T 舒适型,13.98万,首付1.23万,月供3689元
83,3337,90015669,吉利汽车,帝豪GL,2018款 1.4T 自动尊贵智联型,10.98万,首付1.07万,月供3200元
100,2858,90005507,众泰,T600,2016款 运动版 2.0T 手动豪华型,10.68万,首付1.02万,月供3062元
83,3004,90016198,吉利汽车,帝豪,2018款 1.5L 手动豪华型,7.48万,首付0.73万,月供2246元
83,3111,90013588,吉利汽车,博瑞,2017款 2.4L 舒适型,12.98万,首付1.23万,月供3673元
83,3004,90016202,吉利汽车,帝豪,2018款 1.5L CVT尊贵型,9.88万,首付0.97万,月供2960元
100,3234,90013312,众泰,SR7,2017款 1.5T CVT魔方之路版,8.78万,首付0.77万,月供2385元
34,3165,90014554,别克,威朗,2018款 三厢 20T 双离合精英型,17.29万,首付1.45万,月供4355元
145,1483,90015293,马自达,MX-5（进口）,2018款 2.0L RF 水晶魂动红,34.00万,首付3.40万,月供9956元
71,2681,90016126,雪铁龙,C4L,2018款 350THP 自动领先型,15.19万,首付1.40万,月供4183元
89,361,90015585,丰田,皇冠,2018款 2.0T 精英版,34.88万,首付3.33万,月供9762元
238,2963,90014946,北汽绅宝,D50,2018款 1.5L 手动豪华智驾版,6.99万,首付0.70万,月供2156元
83,3337,90015666,吉利汽车,帝豪GL,2018款 1.8L 自动精英智联型,9.68万,首付0.95万,月供2917元
84,3329,90012481,大众,桑塔纳,2017款 Cross 1.6L 自动风尚型,11.29万,首付0.99万,月供2976元
84,3089,90015058,大众,凌渡,2018款 280TSI DSG舒适版,18.39万,首付1.55万,月供4646元
84,595,90011524,大众,帕萨特,2017款 330TSI DSG尊荣版,22.29万,首付1.96万,月供5778元
84,3248,90014378,大众,途安,2018款 途安L 280TSI 自动舒适版,18.68万,首付1.61万,月供4813元
59,564,90003787,本田,雅阁,2016款 2.4L 舒适版,21.18万,首付1.99万,月供5835元
59,90000082,90008913,本田,冠道,2017款 370TURBO 两驱精英版,26.98万,首付2.70万,月供7900元
121,3189,90012580,比亚迪,宋,2017款 DM 1.5TI 四驱尊荣型,24.59万,首付2.00万,月供5920元
83,90001168,90013654,吉利汽车,远景X3,2017款 1.5L 手动尊贵型,5.79万,首付0.57万,月供1780元
121,2855,90011877,比亚迪,秦,2017款 秦100,20.99万,首付1.40万,月供4218元
38,3250,90003803,宝马,2系旅行车,2016款 220i 领先型,29.89万,首付2.28万,月供6774元
38,90000177,90016070,宝马,1系,2018款 118i 设计套装型,25.98万,首付2.24万,月供6624元
38,3003,90006777,宝马,i3（进口）,2016款 升级款时尚型,42.28万,首付3.69万,月供10873元
38,425,90012994,宝马,5系,2018款 528Li 上市特别版,44.99万,首付4.63万,月供12147元
31,1950,90013521,雷克萨斯,CT,2017款 CT200h 舒适版 单色,26.90万,首付2.60万,月供7629元
83,90001182,90015282,吉利汽车,远景S1,2018款 1.4T CVT锋享型,9.39万,首付0.93万,月供2842元
83,130,90014959,吉利汽车,远景,2018款 1.5L 自动尊贵型,7.29万,首付0.70万,月供2162元
83,3253,90004015,吉利汽车,博越,2016款 1.8TD 自动智尚型,12.38万,首付1.17万,月供3503元
147,2679,90013814,三菱,劲炫ASX,2018款 2.0L CVT两驱尊享版,14.98万,首付1.29万,月供3871元
147,3339,90013831,三菱,欧蓝德,2018款 2.0L 两驱风尚版 5座,15.98万,首付1.50万,月供4471元
119,3275,90013126,一汽,森雅R7,2017款 1.6L 自动舒适型,7.89万,首付0.79万,月供2423元
89,555,90014873,丰田,普拉多,2018款 3.5L 自动TX-L,51.98万,首付16.28万,月供12147元
143,3143,90009651,广汽传祺,GS4,2017款 235T G-DCT两驱豪华版,14.38万,首付1.30万,月供3761元
59,2551,90002028,本田,艾力绅,2016款 2.4L 至尊版,30.98万,首付3.02万,月供8528元
133,3007,158795,宝骏,730,2016款 1.5L 手动舒适型 7座,6.98万,首付0.68万,月供2029元
84,2786,90011600,大众,朗行,2017款 180TSI DSG舒适版,14.29万,首付1.24万,月供3738元
8,90000102,90015836,雷诺,科雷傲,2018款 2.5L 四驱尊贵版,22.98万,首付2.12万,月供6247元
59,452,90011473,本田,奥德赛,2017款 2.4L 舒适版,22.98万,首付2.18万,月供6418元
59,453,90015885,本田,飞度,2018款 1.5L CVT潮跑版,8.88万,首付0.86万,月供2629元
34,3165,90014553,别克,威朗,2018款 三厢 20T 双离合领先型,16.29万,首付1.37万,月供4113元
145,1483,90015292,马自达,MX-5（进口）,2018款 2.0L RF 珍珠白,33.90万,首付3.39万,月供9922元
71,2681,90016124,雪铁龙,C4L,2018款 230THP 自动领先型,14.59万,首付1.34万,月供4019元
238,2963,90014945,北汽绅宝,D50,2018款 1.5L 手动时尚智驾版,6.79万,首付0.68万,月供2096元
83,3337,90015665,吉利汽车,帝豪GL,2018款 1.8L 手动精英智联型,8.68万,首付0.86万,月供2625元
84,3329,90012114,大众,桑塔纳,2017款 浩纳 1.6L 自动风尚版,10.79万,首付0.92万,月供2786元
59,564,90003782,本田,雅阁,2016款 2.0L 舒享版,16.98万,首付1.64万,月供4860元
59,90000082,90011991,本田,冠道,2017款 240TURBO 两驱舒享版,24.58万,首付2.46万,月供7206元
121,3189,90012581,比亚迪,宋,2017款 DM 1.5TI 四驱尊贵型,23.19万,首付1.86万,月供5515元
121,2855,90013493,比亚迪,秦,2017款 1.5T 尊贵型,18.59万,首付1.40万,月供4236元
147,2679,90013812,三菱,劲炫ASX,2018款 2.0L CVT两驱精英版,14.18万,首付1.24万,月供3723元
147,3339,90013832,三菱,欧蓝德,2018款 2.0L 两驱荣耀版 5座,16.98万,首付1.60万,月供4763元
119,3275,90013130,一汽,森雅R7,2017款 1.6L 自动旗舰型,9.99万,首付1.00万,月供3048元
89,555,90014876,丰田,普拉多,2018款 3.5L 自动TX-L NAVI 后挂备胎,54.88万,首付17.76万,月供12147元
143,3143,90009644,广汽传祺,GS4,2017款 235T 自动两驱豪华智联版,14.38万,首付1.30万,月供3761元
8,90000102,90015837,雷诺,科雷傲,2018款 2.5L 两驱尊贵版,21.98万,首付2.02万,月供5958元
238,2963,90001839,北汽绅宝,D50,2016款 1.5L 手动标准版,7.48万,首付0.68万,月供2117元
83,3337,90015668,吉利汽车,帝豪GL,2018款 1.4T 自动精英智联型,9.98万,首付0.99万,月供3009元
121,3189,90012582,比亚迪,宋,2017款 DM 1.5TI 四驱豪华型,21.59万,首付1.70万,月供5052元
147,2679,90013810,三菱,劲炫ASX,2018款 1.6L 手动两驱灵动版,11.48万,首付0.99万,月供2987元
119,3275,90013129,一汽,森雅R7,2017款 1.6L 自动尊贵型,9.29万,首付0.93万,月供2840元
89,555,90000086,丰田,普拉多,2016款 2.7L 自动标准版,38.98万,首付3.77万,月供11043元
119,3275,90005059,一汽,森雅R7,2016款 1.6L 手动智能型,7.99万,首付0.80万,月供2453元
119,3275,90005058,一汽,森雅R7,2016款 1.6L 手动豪华型,7.49万,首付0.75万,月供2305元
119,3275,90013122,一汽,森雅R7,2017款 1.6L 手动舒适型,6.99万,首付0.70万,月供2156元
8,90000102,90015839,雷诺,科雷傲,2018款 2.0L 两驱豪华版,20.58万,首付1.88万,月供5532元
89,159,90012597,丰田,卡罗拉,2017款 双擎 1.8L 精英版,14.98万,首付1.45万,月供4317元
89,1053,90014863,丰田,RAV4荣放,2018款 2.5L 自动四驱精英i版,24.28万,首付2.20万,月供6485元
89,361,90015584,丰田,皇冠,2018款 2.0T 运动版,30.48万,首付2.75万,月供8085元
89,284,90008541,丰田,威驰,2017款 1.5L CVT创行版,8.98万,首付0.83万,月供2571元
38,2487,90013539,宝马,X1,2018款 sDrive18Li 时尚型,28.60万,首付2.43万,月供7175元
143,90000198,90013917,广汽传祺,GS7,2017款 320T 两驱豪华智联型,16.98万,首付1.68万,月供4992元
73,2823,90013957,雪佛兰,科鲁兹,2018款 330T 双离合领锋版,16.99万,首付1.22万,月供3714元
73,3327,90014977,雪佛兰,科沃兹,2018款 320 自动欣悦版,9.99万,首付0.89万,月供2758元
119,3275,90013124,一汽,森雅R7,2017款 1.6L 手动智能型,7.99万,首付0.79万,月供2426元
92,90000109,90012299,斯柯达,柯迪亚克,2017款 TSI330 豪华版,21.98万,首付2.00万,月供5882元
38,422,90014150,宝马,3系,2018款 320Li 时尚型,32.59万,首付2.75万,月供8138元
143,2791,134847,广汽传祺,GA3,2013款 1.6L 自动尊贵ESP版,10.38万,首付0.99万,月供2967元
177,3289,90005287,北汽幻速,H3F,2016款 1.5L 尊贵型,6.78万,首付0.63万,月供1956元
177,90001200,90015069,北汽幻速,S7,2018款 1.5T 自动尊享型,9.88万,首付0.96万,月供2932元
177,3340,90008402,北汽幻速,S3L,2016款 1.5L 手动尊贵型,6.98万,首付0.68万,月供2098元
143,90000518,90010364,广汽传祺,GM8,2018款 320T 旗舰版,25.98万,首付2.60万,月供7611元
143,3081,90003847,广汽传祺,GA6,2016款 235T 自动豪华版,13.68万,首付1.17万,月供3519元
143,3143,90009646,广汽传祺,GS4,2017款 235T 自动四驱豪华智联版,15.18万,首付1.28万,月供3847元
143,90000081,90008855,广汽传祺,GS8,2017款 320T 两驱豪华智联版,18.28万,首付1.78万,月供5275元
23,3307,90013377,荣威,RX5,2018款 20T 两驱手动互联网智尊版,13.38万,首付1.21万,月供3635元
178,90000094,90009340,福汽启腾,启腾V60,2017款 1.5L 豪华型,6.29万,首付0.62万,月供1920元
160,90000313,90009784,英菲尼迪,QX30（进口）,2017款 2.0T 四驱时尚版,29.58万,首付2.55万,月供7251元
84,90000485,90015974,大众,途观L,2018款 330TSI 自动两驱豪华版,25.98万,首付2.50万,月供7335元
84,340,90011591,大众,朗逸,2017款 1.6L 自动舒适版,13.69万,首付1.19万,月供3577元
84,90000134,90012175,大众,途昂,2017款 380TSI 四驱豪华版,36.89万,首付3.64万,月供10654元
84,946,90013895,大众,甲壳虫（进口）,2018款 180TSI 沙丘越野版,23.08万,首付2.03万,月供6006元
84,3235,90014456,大众,蔚揽（进口）,2018款 280TSI 两驱舒行版,26.78万,首付2.25万,月供6663元
84,939,90013785,大众,夏朗（进口）,2018款 280TSI 乐享型 7座,26.98万,首付2.25万,月供6665元
84,1119,90013524,大众,Tiguan（进口）,2018款 330TSI 四驱创睿型,31.68万,首付3.05万,月供8961元
84,924,90013530,大众,途锐（进口）,2017款 3.0TSI 拓界版,72.48万,首付22.63万,月供12147元
145,2975,90014640,马自达,阿特兹,2018款 2.0L 蓝天豪华版,18.98万,首付1.81万,月供5369元
246,3219,90006450,东风风神,AX3,2016款 1.5L 自动致酷型,8.27万,首付0.75万,月供2223元
246,90000311,90009945,东风风神,AX5,2017款 1.4T 自动趣尚型,10.17万,首付0.92万,月供2703元
246,3058,90015595,东风风神,AX7,2018款 1.6T 自动精英型,11.38万,首付1.11万,月供3217元
34,3038,90015357,别克,昂科威,2018款 28T 四驱精英型,26.99万,首付2.30万,月供6801元
34,83,90015229,别克,君越,2018款 28T 精英型,26.98万,首付2.26万,月供6687元
34,1899,90014542,别克,英朗,2018款 15T 双离合精英型,12.69万,首付1.01万,月供3062元
139,3199,90012881,Jeep,自由光,2017款 2.0L 优越版,21.98万,首付1.87万,月供5348元
92,2843,90006836,斯柯达,Yeti, 2017款 280TSI DSG车享兄弟版,15.98万,首付1.28万,月供3720元
112,3197,90013782,路虎,发现神行,2018款 240PS SE版,40.80万,首付3.18万,月供9028元
8,90000102,90015838,雷诺,科雷傲,2018款 2.0L 两驱领先版,19.28万,首付1.75万,月供5208元
89,159,90012599,丰田,卡罗拉,2017款 双擎 1.8L 旗舰版,17.58万,首付1.70万,月供5059元
89,1053,90006273,丰田,RAV4荣放,2016款 2.0L CVT两驱智尚版,21.48万,首付1.85万,月供5461元
89,361,90015583,丰田,皇冠,2018款 2.0T 时尚版,29.48万,首付2.65万,月供7796元
73,2823,90013956,雪佛兰,科鲁兹,2018款 330T 双离合炫锋版,14.99万,首付1.22万,月供3681元
73,3327,90014978,雪佛兰,科沃兹,2018款 320 自动欣尚版,10.99万,首付0.92万,月供2789元
119,3275,90013125,一汽,森雅R7,2017款 1.6L 手动尊贵型,8.69万,首付0.86万,月供2634元
92,90000109,90012302,斯柯达,柯迪亚克,2017款 TSI380 7座四驱旗舰版,26.98万,首付2.52万,月供7404元
143,90000518,90015760,广汽传祺,GM8,2018款 320T 尊享版,18.98万,首付1.90万,月供5617元
23,3307,90014531,荣威,RX5,2018款 20T 两驱自动互联网智尊版,15.88万,首付1.46万,月供4354元
246,3219,90001732,东风风神,AX3,2016款 1.5L 手动致酷型,7.47万,首付0.67万,月供2011元
246,90000311,90009942,东风风神,AX5,2017款 1.4T 手动趣尚型,8.97万,首付0.81万,月供2403元
89,159,90012602,丰田,卡罗拉,2017款 改款 1.6L CVT GL,11.78万,首付1.11万,月供3323元
89,1053,90014860,丰田,RAV4荣放,2018款 2.0L CVT两驱风尚X版,20.28万,首付1.95万,月供5721元
119,3275,90013127,一汽,森雅R7,2017款 1.6L 自动豪华型,8.29万,首付0.82万,月供2515元
89,1053,90006271,丰田,RAV4荣放,2016款 2.0L CVT两驱风尚版,19.98万,首付1.85万,月供5495元
119,3275,90013128,一汽,森雅R7,2017款 1.6L 自动智能型,8.89万,首付0.89万,月供2721元
119,3275,90014259,一汽,森雅R7,2017款 1.5T 手动豪华天窗型,7.99万,首付0.80万,月供2453元
119,3275,90013123,一汽,森雅R7,2017款 1.6L 手动豪华型,7.49万,首付0.75万,月供2305元
92,2843,90008017,斯柯达,Yeti,2017款 280TSI DSG前行版,14.98万,首付1.24万,月供3733元
92,616,90010971,斯柯达,晶锐,2017款 1.4L 自动车享版,8.49万,首付0.75万,月供2326元
92,2797,90014092,斯柯达,速派,2018款 TSI 330 DSG舒适版,19.98万,首付1.62万,月供4862元
92,90000109,90014426,斯柯达,柯迪亚克,2018款 TSI330 5座豪华优享版,22.53万,首付2.07万,月供6117元
92,2964,90014711,斯柯达,昕动,2018款 1.4L 手动标准版,6.99万,首付0.58万,月供1825元
92,2731,90014722,斯柯达,昕锐,2018款 1.6L 自动舒适版,10.59万,首付0.81万,月供2480元
92,156,90013696,斯柯达,明锐,2018款 TSI230 DSG豪华版,14.99万,首付1.18万,月供3571元
100,3234,90013307,众泰,SR7,2017款 1.5T 手动魔方之路版,7.68万,首付0.77万,月供2361元
100,90000110,90009616,众泰,SR9,2017款 2.0T 自动极致之路版,13.18万,首付1.32万,月供3924元
100,2858,90005771,众泰,T600,2016款 2.0T 自动豪华型,11.58万,首付1.14万,月供3394元
244,3203,90012290,东风风光,370,2016款 1.5L 手动标准型Ⅱ 7座,4.99万,首付0.48万,月供1509元
244,90001151,90015062,东风风光,S560,2018款 1.8L 手动舒适型,7.39万,首付0.74万,月供2275元
244,3291,90014190,东风风光,580,2017款 1.8L 手动舒适型,7.89万,首付0.79万,月供2423元
245,3133,90001646,东风风行,景逸XV,2016款 1.6L CVT豪华型,8.69万,首付0.84万,月供2579元
245,90001095,90013722,东风风行,景逸X6,2017款 乐享系列 1.5T CVT豪华型,9.49万,首付0.95万,月供2899元
245,2812,90014180,东风风行,景逸X5,2017款 乐享系列 1.6L CVT豪华型,9.09万,首付0.91万,月供2780元
245,2944,90012182,东风风行,景逸X3,2017款 1.6L CVT舒适型,7.99万,首付0.77万,月供2370元
245,3018,90011371,东风风行,景逸S50,2017款 1.6L CVT豪华型,8.29万,首付0.81万,月供2487元
245,3309,90013994,东风风行,SX6,2018款 1.6L CVT豪华型,8.89万,首付0.87万,月供2666元
245,3170,159121,东风风行,S500,2016款 1.6L CVT豪华型,8.69万,首付0.86万,月供2634元
23,90001159,90015185,荣威,RX3,2018款 1.6L CVT旗舰版,11.48万,首付1.10万,月供3290元
23,3180,90012097,荣威,360,2017款 1.5L 自动智屏版,8.59万,首付0.76万,月供2356元
104,2999,90013739,名爵,名爵3,2017款 1.5L 自动智联精英版,7.38万,首付0.73万,月供2244元
104,3001,90014838,名爵,名爵6,2017款 20T 自动精英智联版,10.78万,首付1.08万,月供3224元
14,3095,90014657,开瑞,K50,2018款 1.5L 手动基本型,4.49万,首付0.42万,月供1330元
14,90000310,90014670,开瑞,K60,2018款 1.5L 自动豪华型,7.48万,首付0.72万,月供2219元
119,3275,90015581,一汽,森雅R7,2017款 1.6L 自动豪华天窗型,8.49万,首付0.82万,月供2413元
34,368,90013466,别克,君威,2017款 20T 精英型,18.58万,首付1.80万,月供5335元
34,1899,90014543,别克,英朗,2018款 18T 自动精英型,13.39万,首付1.12万,月供3379元
34,2643,90009997,别克,昂科拉,2017款 18T 自动两驱都市领先型,14.99万,首付1.20万,月供3626元
34,3165,90007143,别克,威朗,2017款 三厢 15S 自动进取型,14.69万,首付1.17万,月供3538元
23,3307,90014530,荣威,RX5,2018款 20T 两驱自动旗舰版,13.88万,首付1.29万,月供3853元
23,90000092,90015383,荣威,i6,2018款 16T 自动互联智享版,11.38万,首付1.06万,月供3179元
104,90000115,90011851,名爵,名爵ZS,2017款 1.5L 自动精英版,9.48万,首付0.93万,月供2841元
143,3081,90003848,广汽传祺,GA6,2016款 235T 自动尊贵版,16.38万,首付1.44万,月供4307元
129,2482,90009254,起亚,K2,2017款  三厢 1.6L AT Premium,10.39万,首付0.80万,月供2364元
129,2646,90015427,起亚,K3,2016款 1.6L 自动GL 天窗版（电商专供）,10.68万,首付0.83万,月供2441元
188,3308,90006170,凯翼,V3,2016款 1.5L 自动智联III,7.88万,首付0.79万,月供2420元
188,3301,90005886,凯翼,X3,2016款 1.6L CVT智联IV版,8.99万,首付0.90万,月供2750元
188,90000509,90013932,凯翼,X5,2017款 1.5T CVT尊贵型,9.29万,首付0.93万,月供2840元
188,3062,150770,凯翼,C3,2015款 1.5L 手动金钻型,5.18万,首付0.52万,月供1618元
92,2843,90008016,斯柯达,Yeti,2017款 1.6L 手动前行版,12.98万,首付1.04万,月供3150元
92,616,90010968,斯柯达,晶锐,2017款 1.4L 手动前行版,6.99万,首付0.60万,月供1880元
92,2797,90014089,斯柯达,速派,2018款 TSI 280 手动标准版,16.98万,首付1.36万,月供4096元
92,90000109,90014432,斯柯达,柯迪亚克,2018款 TSI380 7座四驱旗舰版,26.98万,首付2.52万,月供7404元
92,2731,90014720,斯柯达,昕锐,2018款 1.6L 手动标准版,8.19万,首付0.59万,月供1879元
92,156,90014489,斯柯达,明锐,2018款 1.6L 自动舒适版,13.69万,首付1.05万,月供3191元
244,90001151,90015065,东风风光,S560,2018款 1.8L CVT尊贵型,8.99万,首付0.90万,月供2750元
245,3170,90008738,东风风行,S500,2017款 1.5L 手动实用型,5.99万,首付0.58万,月供1804元
14,90000310,90014664,开瑞,K60,2018款 1.5L 手动标准型,5.88万,首付0.56万,月供1743元
34,1899,90014539,别克,英朗,2018款 15T 手动进取型,10.99万,首付0.88万,月供2679元
34,3165,90007144,别克,威朗,2017款 三厢 15S 手动领先型,14.49万,首付1.15万,月供3480元
23,3307,90014527,荣威,RX5,2018款 20T 两驱手动精英版,9.98万,首付0.90万,月供2769元
23,90000092,90015381,荣威,i6,2018款 16T 手动豪华版,9.48万,首付0.87万,月供2676元
104,90000115,90011847,名爵,名爵ZS,2017款 1.5L 手动风尚版,7.38万,首付0.72万,月供2217元
143,3081,90003846,广汽传祺,GA6,2016款 235T 自动精英版,12.68万,首付1.05万,月供3178元
129,2482,90009253,起亚,K2,2017款 三厢 1.4L AT GLS,8.89万,首付0.67万,月供1994元
188,3062,150769,凯翼,C3,2015款 1.5L 手动黄钻型,4.88万,首付0.49万,月供1529元
92,90000109,90014429,斯柯达,柯迪亚克,2018款 TSI330 5座两驱舒适版,20.98万,首付1.92万,月供5648元
188,3062,150768,凯翼,C3,2015款 1.5L 手动蓝钻型,4.58万,首付0.46万,月供1440元
71,3206,90014868,雪铁龙,C4世嘉,2018款 1.6L 自动豪华型,11.98万,首付0.96万,月供2828元
71,3080,90014919,雪铁龙,C3-XR,2018款 1.6L 自动时尚型,11.88万,首付0.96万,月供2814元
71,90001011,90013881,雪铁龙,天逸 C5 Aircross,2017款 380THP 豪华型,20.97万,首付2.00万,月供5865元
100,90001012,90012227,众泰,Z360,2017款 1.5L 手动精英型,5.88万,首付0.59万,月供1826元
100,90000979,90012342,众泰,Z560,2017款 1.5T 手动豪华型,8.28万,首付0.83万,月供2539元
100,90001139,90013117,众泰,T600 Coupe,2017款 1.8T 双离合旗舰型,13.28万,首付1.33万,月供3953元
100,90000192,90012929,众泰,大迈X7,2017款 1.8T 自动尊贵型,13.29万,首付1.33万,月供3956元
100,3184,90009987,众泰,大迈X5,2017款 白金版 1.5T 手动尊享型,8.69万,首付0.94万,月供2854元
175,90000119,90009675,阿尔法·罗密欧,Stelvio,2017款 2.0T 200HP 精英版,41.80万,首付3.88万,月供10872元
174,90000118,90009681,标致,4008,2017款 350THP 精英版,20.87万,首付1.77万,月供5057元
84,135,90006254,大众,迈腾,2017款 280TSI DSG 舒适型,18.99万,首付1.65万,月供4703元
139,3298,90011914,Jeep,自由侠,2017款 180TS 全能版,19.28万,首付1.74万,月供4988元
175,90000326,90011622,阿尔法·罗密欧,Giulia,2017款 2.0T 280HP 豪华运动版,46.78万,首付4.20万,月供11769元
146,3256,90012336,昌河,Q25,2017款 1.5L 手动乐慧版,6.39万,首付0.61万,月供1803元
174,2692,90006071,标致,3008,2016款 1.6THP 自动至尚版,20.77万,首付1.79万,月供5124元
174,1900,90005071,标致,408,2016款 1.6T 自动豪华版,16.17万,首付1.27万,月供3694元
174,2323,90007898,标致,308,2016款 1.6L 自动时尚版,11.27万,首付0.96万,月供2824元
71,90000077,90008780,雪铁龙,C6,2017款 380THP 尊贵型,23.99万,首付2.25万,月供6411元
71,2681,90006291,雪铁龙,C4L,2016款 1.6T 自动精英型,16.09万,首付1.39万,月供4007元
71,311,90011766,雪铁龙,爱丽舍,2017款 1.6L 自动时尚型,9.58万,首付0.76万,月供2263元
146,3322,90006616,昌河,Q35,2016款 1.5L 自动炫酷版,7.89万,首付0.74万,月供2170元
146,90000318,90010517,昌河,M70,2017款 1.5L 公务舱,5.49万,首付0.54万,月供1607元
100,90000184,90012918,众泰,T700,2017款 1.8T 双离合尊贵型,13.98万,首付1.35万,月供3854元
238,3226,90002047,北汽绅宝,X55,2016款 1.5T CVT豪华版,11.98万,首付1.20万,月供3574元
63,2878,90004886,北京,BJ40,2016款 40L 2.0T 手动四驱尊贵版,14.98万,首付1.50万,月供4450元
63,3335,90013282,北京,BJ20,2017款 1.5T CVT越野版,13.98万,首付1.40万,月供3930元
238,2963,90001841,北汽绅宝,D50,2016款 1.5L CVT精英版,9.28万,首付0.93万,月供2837元
88,90000314,90009821,林肯,大陆,2017款 2.0T 两驱尊雅版,44.38万,首付4.11万,月供11553元
88,1233,90006147,林肯,MKZ,2017款 2.0T 尊雅版,33.28万,首付3.00万,月供8467元
88,3040,90009722,林肯,MKC,2017款 2.0T 四驱尊雅版,37.38万,首付3.27万,月供9249元
71,3206,90014866,雪铁龙,C4世嘉,2018款 1.6L 自动舒适型,11.08万,首付0.91万,月供2687元
71,3080,90014924,雪铁龙,C3-XR,2018款 230THP 自动智能型,14.98万,首付1.26万,月供3654元
175,90000119,90013069,阿尔法·罗密欧,Stelvio,2017款 2.0T 280HP 豪华版,47.80万,首付5.94万,月供12147元
174,90000118,90009685,标致,4008,2017款 380THP 豪华GT版,27.37万,首付2.36万,月供6728元
139,3298,90011913,Jeep,自由侠,2017款 180TS 越能敞篷版,18.68万,首付1.68万,月供4820元
175,90000326,90010609,阿尔法·罗密欧,Giulia,2017款 2.0T 280HP 豪华版,39.68万,首付3.53万,月供9901元
71,2681,90006289,雪铁龙,C4L,2016款 1.2T 自动精英型,15.19万,首付1.31万,月供3783元
71,311,90011764,雪铁龙,爱丽舍,2017款 1.6L 手动时尚型,8.38万,首付0.65万,月供1945元
146,90000318,90010516,昌河,M70,2017款 1.5L 商务舱,5.49万,首付0.54万,月供1607元
100,90000184,90012917,众泰,T700,2017款 1.8T 双离合尊享型,12.98万,首付1.26万,月供3617元
238,3226,90002046,北汽绅宝,X55,2016款 1.5T CVT舒适版,9.68万,首付0.97万,月供2955元
63,2878,90004891,北京,BJ40,2016款 2.3T 自动四驱尊享版,16.98万,首付1.70万,月供5033元
63,3335,90006916,北京,BJ20,2016款 1.5T CVT豪华型,12.98万,首付1.30万,月供3866元
88,90000314,90009820,林肯,大陆,2017款 2.0T 两驱尊享版,41.88万,首付3.79万,月供10685元
88,3040,90009721,林肯,MKC,2017款 2.0T 两驱尊雅版,35.38万,首付3.10万,月供8776元
71,3206,90014867,雪铁龙,C4世嘉,2018款 1.6L 手动豪华型,10.78万,首付0.86万,月供2537元
71,3080,90014923,雪铁龙,C3-XR,2018款 230THP 自动先锋型,13.98万,首付1.17万,月供3399元
175,90000119,90013068,阿尔法·罗密欧,Stelvio,2017款 2.0T 200HP 豪华版,44.80万,首付4.18万,月供11732元
174,90000118,90009680,标致,4008,2017款 350THP 舒适版,18.57万,首付1.62万,月供4665元
139,3298,90011912,Jeep,自由侠,2017款 180TS 越能版,18.28万,首付1.64万,月供4709元
175,90000326,90011619,阿尔法·罗密欧,Giulia,2017款 2.0T 200HP 豪华版,36.28万,首付3.26万,月供9185元
238,3226,90002045,北汽绅宝,X55,2016款 1.5T CVT精英版,10.88万,首付1.09万,月供3253元
63,3335,90006915,北京,BJ20,2016款 1.5T CVT精英型,11.88万,首付1.19万,月供3545元
71,3206,90014865,雪铁龙,C4世嘉,2018款 1.6L 手动舒适型,9.88万,首付0.79万,月供2350元
139,3298,90011911,Jeep,自由侠,2017款 180T 智能敞篷版,17.38万,首付1.55万,月供4459元
175,90000326,90011620,阿尔法·罗密欧,Giulia,2017款 2.0T 200HP 精英版,33.08万,首付2.82万,月供8004元
139,3298,90011909,Jeep,自由侠,2017款 180T 智能版,16.98万,首付1.47万,月供4249元
139,3298,90011907,Jeep,自由侠,2017款 180T 劲能版,15.88万,首付1.38万,月供3990元
139,3298,90011906,Jeep,自由侠,2017款 180T 高能版,14.98万,首付1.30万,月供3768元
139,3298,90011905,Jeep,自由侠,2017款 180T 动能版+,13.98万,首付1.22万,月供3537元
88,3040,90009720,林肯,MKC,2017款 2.0T 两驱尊享版,33.18万,首付2.89万,月供8194元
34,3165,90014595,别克,威朗,2018款 三厢 15S 自动车享型,15.29万,首付1.14万,月供3334元
146,3322,90006613,昌河,Q35,2016款 1.5L 手动炫酷版,6.99万,首付0.62万,月供1864元
146,90000318,90010519,昌河,M70,2017款 1.5L 豪华舱,6.19万,首付0.60万,月供1777元
246,90000311,90009943,东风风神,AX5,2017款 1.4T 手动趣悦型,9.87万,首付0.89万,月供2625元
246,3219,90001731,东风风神,AX3,2016款 1.5L 手动尚酷型,6.97万,首付0.63万,月供1881元
242,3033,90009739,DS,DS 6,2017款 1.6T 豪华版THP160,22.99万,首付1.86万,月供5323元
98,2716,90008863,福特,翼搏,2017款 EcoBoost125 手动尊贵型,12.18万,首付0.88万,月供2558元
248,3273,90010881,长安欧尚,CX70,2017款 CX70T 1.5T 自动尊擎版,10.99万,首付1.03万,月供3011元
173,3324,90006737,捷豹,XFL,2017款 XFL 2.0T 240PS 奢华版,56.80万,首付3.88万,月供11022元
15,341,90005547,日产,骐达,2016款 1.6L CVT智行版,12.29万,首付1.06万,月供3057元
55,3035,90013802,现代,ix25,2017款  1.4T 自动智能型,14.28万,首付1.35万,月供4025元
23,3307,90014529,荣威,RX5,2018款 20T 两驱自动豪华版,12.98万,首付1.27万,月供3783元
121,3189,90012761,比亚迪,宋,2017款 1.5TID 自动精英型,10.99万,首付1.10万,月供3285元
59,3041,90010719,本田,缤智,2017款 1.5L CVT两驱舒适型,13.68万,首付1.31万,月供3908元
100,90001139,90013110,众泰,T600 Coupe,2017款 1.5T 自动豪华型,9.88万,首付0.97万,月供2954元
55,1974,90014040,现代,瑞纳,2017款 1.4L 自动跃享版,6.59万,首付0.65万,月供2009元
143,90000603,90013925,广汽传祺,GS3,2017款 150N 手动精英版,7.98万,首付0.80万,月供2450元
145,3302,90013757,马自达,CX-4,2018款 2.0L 自动两驱蓝天活力版,15.28万,首付1.53万,月供4537元
146,90000318,90010518,昌河,M70,2017款 1.5L 头等舱,5.89万,首付0.57万,月供1706元
246,90000311,90009946,东风风神,AX5,2017款 1.4T 自动趣悦型,11.07万,首付1.00万,月供2925元
246,3219,90014133,东风风神,AX3,2017款 领先版 1.5L 自动尚酷型,7.79万,首付0.70万,月供2090元
246,3219,90001733,东风风神,AX3,2016款 1.5L 自动尊酷型,8.77万,首付0.80万,月供2385元
